"Nom série","Note /5","Editeur","Genre","Scénariste","Dessinateur"
300,"3.73 (11 avis)","Rackham","Historique","Miller (Frank)","Miller (Frank)"
303,"2.8 (5 avis)","Bamboo","Aventure","Ennis (Garth)","Burrows (Jacen)"
1602,"3 (3 avis)","Panini Comics/Marvel","Fantastique","Gaiman (Neil)","Kubert (Andy)"
"100 bullets","3.63 (8 avis)","Semic/Panini Comics","Policier/Thriller","Azzarello (Brian)","Risso (Eduardo)"
"2 soeurs","4 (1 avis)","Rackham","Roman Graphique","Kindt (Matt)","Kindt (Matt)"
"24 Heures chrono","1.67 (3 avis)","Casterman","Policier/Thriller","Haynes (Marc L.)/Vaughn (J.C.)","Guedes (Renato)"
"30 jours de nuit","3 (9 avis)","Delcourt","Fantastique","Niles (Steve)","Templesmith (Ben)"
"32 Histoires","4 (1 avis)","Seuil","Roman Graphique","Tomine (Adrian)","Tomine (Adrian)"
"A History of Violence","3.14 (7 avis)","Delcourt","Policier/Thriller","Wagner (John)","Locke (Vince)"
"A l'ombre des tours mortes","2 (5 avis)","Casterman","Roman Graphique","Spiegelman (Art)","Spiegelman (Art)"
"A poil, le nounours!","2 (2 avis)","Comics USA","Fantastique","Nocenti (Ann)","Bolton (John)"
"A Strange Day","3.33 (3 avis)","Cà et Là","Roman Graphique","Hurd (Damon)","Gill (Tatiana)"
"Abbie an' slats - P'tit Zef poids mouche","3 (1 avis)","Futuropolis","Humour","Capp (Al)","Van Buren (Raeburn)"
"ABC Warriors","1 (1 avis)","Zenda","Science-Fiction","Mills (Pat)","Walker (Kevin)"
"Adam","3 (4 avis)","Dupuis","Humour","Basset","Basset"
"Adieu Chunky Rice","3.5 (6 avis)","Casterman","Inclassable","Thompson (Craig)","Thompson (Craig)"
"Adieu, maman","3.2 (5 avis)","Actes Sud","Roman Graphique","Hornschemeier (Paul)","Hornschemeier (Paul)"
"Affaire Madame Paul (l')","2 (1 avis)","L'Association","Policier/Thriller","Doucet (Julie)","Doucet (Julie)"
"Âge d'or de Mickey (l')","4 (1 avis)","Hachette","Jeunesse","Osborne (Ted)/De Maris (Merrill)","Gottfredson (Floyd)"
"Age de Bronze (l')","3.75 (8 avis)","Akileos","Historique","Shanower (Eric)","Shanower (Eric)"
"Agent secret X-9","3.5 (2 avis)","Denoël Graphic","Policier/Thriller","Hammett (Dashiell)","Raymond (Alex)"
"Al's Baby","2.5 (2 avis)","Arboris","Humour","Wagner (Ron)","Ezquerra (Carlos)"
"Alec, la Bande du King Canute","2.5 (2 avis)","Cà et Là","Roman Graphique","Campbell (Eddie)","Campbell (Eddie)"
"Alex","2.6 (5 avis)","Paquet","Roman Graphique","Kalesniko (Mark)","Kalesniko (Mark)"
"Alias","3.25 (4 avis)","Panini Comics/Marvel","Policier/Thriller","Bendis (Brian Michael)","Gaydos (Michael)"
"Alice Cooper's The Last Temptation","3 (4 avis)","Bulle Dog","Fantastique","Gaiman (Neil)","Zulli (Michael)"
"Aliens - Alchemy","3 (1 avis)","TOTH","Science-Fiction","Arcudy (John)","Corben (Richard)"
"Aliens - Salvation","3 (1 avis)","Wetta Worldwide","Science-Fiction","Gibbons (Dave)","Mignola (Mike)"
"Aliens (Wetta Worldwide)","3 (1 avis)","Wetta Worldwide","Fantastique","Collectif","Collectif"
"Aliens versus Predator","4 (1 avis)","Dark Horse France","Science-Fiction","Stradley (Randy)","Norwood (Phill)"
"Alley Oop","2 (1 avis)","Glénat","Humour","Hamlin (Vincent)","Hamlin (Vincent)"
"Ame du Samouraï (l')","3.33 (3 avis)","Delcourt","Aventure","Marz (Ron)","Ross (Luke)"
"Andy Capp","3 (1 avis)","Sagédition/Square/Dargaud/En Marge","Humour","Smythe (Reg)","SMythe (Reg)"
"Angel fire","4 (1 avis)","Casterman","Fantastique","Blythe (Chris)","Parkhouse (Steve)"
"Angoisses d'Angus (les)","3 (1 avis)","Comics USA","Science-Fiction","Mc Kie (Angus)","Mc Kie (Angus)"
"Anthologie de Conan le barbare","3.75 (4 avis)","Soleil","Fantasy","Thomas (Roy)","Buscema (John)"
"Appel de l'espace (l')","3.67 (3 avis)","Rackham","Policier/Thriller","Eisner (Will)","Eisner (Will)"
"Aquaman","3 (1 avis)","Aredit","Fantastique","Weisinger (Mort)","Norris (Paul)"
"Arnaque à l'arraché","3 (2 avis)","Bethy","Policier/Thriller","Pope (Paul)","Pope (Paul)"
"Arrowsmith","4 (2 avis)","Editions USA","Fantastique","Busiek (Kurt)","Pacheco (Carlos)"
"Art Invisible (l')","4.67 (6 avis)","Vertige Graphic","Documentaire","McCloud (Scott)","McCloud (Scott)"
"Astro City","4 (1 avis)","Panini Comics","Policier/Thriller","Busiek (Kurt)","Anderson (Brent Eric)"
"Au Coeur de l'Empire - L'Héritage de Luther","4 (1 avis)","Kymera","Science-Fiction","Talbot (Bryan)","Talbot (Bryan)"
"Au Fil de l'Eau","3 (1 avis)","Cà et Là","Roman Graphique","Orff (Joel)","Orff (Joel)"
"Augure (l')","2 (1 avis)","Delcourt","Fantasy","Bergting (Peter)","Bergting (Peter)"
"Authority","4 (1 avis)","Soleil","Science-Fiction","Ellis (Warren)","Hitch (Bryan)"
"Automne (l')","3 (2 avis)","Seuil","Policier/Thriller","Brubaker (Ed)/Lutes (Jason)","Lutes (Jason)"
"Autres Histoires","3 (1 avis)","6 Pieds Sous Terre","Roman Graphique","Kim (Derek Kirk)","Kim (Derek Kirk)"
"Aventures de Luther Arkwright (les)","4 (1 avis)","Kymera","Science-Fiction","Talbot (Bryan)","Talbot (Bryan)"
"B.C.","3 (1 avis)","Septimus/J'ai Lu Pocket","Humour","Hart (Johnny)","Hart (Johnny)"
"B.P.R.D.","3.5 (2 avis)","Delcourt","Fantastique","Mignola (Mike)","Collectif (un auteur par album)"
"Bad Boy","3.38 (8 avis)","Rackham","Science-Fiction","Miller (Frank)","Bisley (Simon)"
"Bafflerog le Sorcier","3.33 (3 avis)","Bulle Dog","Fantasy","Busiek (Kurt)","Wenzel (David)"
"Ballade de Halo Jones (la)","2.5 (2 avis)","Zenda","Science-Fiction","Moore (Alan)","Gibson (Ian)"
"Ballades et sagas","2 (1 avis)","Bulle Dog","Conte","Collectif","Vess (Charles)"
"Balles Perdues","3.83 (6 avis)","Bulle Dog","Policier/Thriller","Lapham (David)","Lapham (David)"
"Batman - Absolution","3.5 (2 avis)","Panini Comics","Policier/Thriller","DeMatteis (JM)","Ashmore (Brian)"
"Batman - Année 1","3.9 (10 avis)","Delcourt","Policier/Thriller","Miller (Frank)","Mazzucchelli (David)"
"Batman - Cris dans la nuit","4 (4 avis)","Comics USA","Policier/Thriller","Goodwin (Archie)","Hampton (Scott)"
"Batman - D'ombre et de lumière","3 (2 avis)","Semic","Fantastique","Collectif","Collectif"
"Batman - Dark Knight","4.45 (22 avis)","Delcourt","Policier/Thriller","Miller (Frank)","Miller (Frank)"
"Batman - Dark Knight : La Relève","1.67 (6 avis)","Editions USA","Science-Fiction","Miller (Frank)","Miller (Frank)"
"Batman - Dark Victory","4 (6 avis)","Semic","Policier/Thriller","Loeb (Jeph)","Sale (Tim)"
"Batman - Enfer Blanc","2 (1 avis)","Comics USA","Science-Fiction","Wrightson (Berni)","Starlin (Jim)"
"Batman - Gotham county line","3 (1 avis)","Panini Comics","Fantastique","Niles (Steve)","Hampton (Scott)"
"Batman - Halloween","3 (1 avis)","Semic","Policier/Thriller","Loeb (Jeph)","Sale (Tim)"
"Batman - Harvest Breed","2 (2 avis)","Semic","Fantastique","Pratt (George)","Pratt (George)"
"Batman - Hong Kong","3 (1 avis)","Semic","Policier/Thriller","Moench (Doug)","Wong (Tony)"
"Batman - Judge Dredd - Jugement à Gotham","1 (1 avis)","Comics USA","Science-Fiction","Wagner (John)","Bisley (Simon)"
"Batman - Judge Dredd - La Grande Enigme","1.5 (2 avis)","Editions USA","Science-Fiction","Grant (Alan)","Critchlow (Carl)"
"Batman - Justice Digitale","2 (2 avis)","Comics USA","Science-Fiction","Moreno (Pepe)","Moreno (Pepe)"
"Batman - L'asile d'Arkham","3.75 (4 avis)","Reporter","Fantastique","Morrisson (Grant)","McKean (Dave)"
"Batman - Le fils du demon","3 (1 avis)","Comics USA","Aventure","Barr (Mike)","Bingham (Jerry)"
"Batman - Prédateurs nocturnes","2 (1 avis)","Semic","Policier/Thriller","Lieberman (A.J.)/Grayson (Devin)","Dzialowski (Jean-Jacques)"
"Batman - Predator","2 (1 avis)","Comics USA","Science-Fiction","Gibbons (Dave)","Kubert (Andy & Adam)"
"Batman - Proie","4 (2 avis)","Comics USA","Policier/Thriller","Austin (Terry)","Gulacy (Paul)"
"Batman - Rire et Mourir","3.11 (9 avis)","Delcourt","Policier/Thriller","Moore (Alan)","Bolland (Brian)"
"Batman - Secrets","4 (1 avis)","Panini Comics","Policier/Thriller","Kieth (Sam)","Kieth (Sam)"
"Batman - Silence","3.67 (3 avis)","Semic","Fantastique","Loeb (Jeph)","Lee (Jim)"
"Batman - Un deuil dans la famille","2 (3 avis)","Semic","Fantastique","Starlin (Jim)","Aparo (Jim)"
"Batman - Un long Halloween","4 (9 avis)","Semic","Policier/Thriller","Loeb (Jeph)","Sale (Tim)"
"Batman - Year Two","3 (1 avis)","Semic","Fantastique","Barr (Mike)","Davis (Alan)/Mc Farlane (Todd)"
"Batman : L'intégrale","3 (1 avis)","Panini Comics","Fantastique","Collectif","Collectif"
"Batman & Catwoman - Tu ne tueras point","2 (1 avis)","Panini Comics","Policier/Thriller","Nocenti (Ann)","Van Sciver (Ethan)"
"Batman!","4 (1 avis)","Editions USA","Inclassable","Collectif","Collectif"
"Batman/Tarzan: Les griffes de Cat-Woman","4 (1 avis)","Wetta Worldwide","Aventure","Marz (Ron)","Kordey (Igor)"
"Battle Chasers","3.6 (5 avis)","Editions USA","Fantasy","Madureira (Joe)","Madureira (Joe)"
"Battle Hymn - L'Escadron des Etoiles","2 (1 avis)","Bamboo","Science-Fiction","Moore (Clay)","Haun (Jeremy)"
"Beautiful Killer","3 (1 avis)","Bamboo","Policier/Thriller","Palmiotti (Jimmy)","Noto (Phil)"
"Bébé blues","3.25 (4 avis)","Hors collection (Presses de la cité)","Humour","Scott (Jerry)","Kirkman (Rick)"
"Beetle Bailey","4 (1 avis)","Dargaud","Humour","Walker (Mort)","Walker (Mort)"
"Belle d'un jour","2 (1 avis)","Albin Michel","Humour","Crumb (Robert)","Crumb (Robert)"
"Belles à Croquer","3 (1 avis)","Albin Michel","Fantastique","Corben (Richard)","Corben (Richard)"
"Berlin, la Cité des Pierres","3.2 (5 avis)","Seuil","Historique","Lutes (Jason)","Lutes (Jason)"
"Betty Boop","2.5 (2 avis)","Futuropolis","Humour","Counihan (Bud)","Fleischer (Max)"
"Bicot","4 (1 avis)","Hachette/Azur","Jeunesse","Branner (Martin M.)","Branner (Martin M.)"
"Big Baby","3.83 (6 avis)","Cornélius","Fantastique","Burns (Charles)","Burns (Charles)"
"Big City","3.75 (4 avis)","Glénat","Roman Graphique","Eisner (Will)","Eisner (Will)"
"Big Guy","1.67 (6 avis)","Delcourt","Science-Fiction","Miller (Frank)","Darrow (Geof)"
"Big Man","3 (1 avis)","Cornélius","Inclassable","Mazzucchelli (David)","Mazzucchelli (David)"
"Bigfoot","4 (1 avis)","TOTH","Fantastique","Niles (Steve)/Zombie (Rob)","Corben (Richard)"
"Bird","2 (1 avis)","Erko","Policier/Thriller","Trillo (Carlos)","Bobillo (Juan)"
"Bitchy Bitch","4 (1 avis)","Bethy/Vertiges graphics","Roman Graphique","Gregory (Roberta)","Gregory (Roberta)"
"Black hole","3.77 (13 avis)","Delcourt","Fantastique","Burns (Charles)","Burns (Charles)"
"Black Orchid","3.29 (7 avis)","Reporter","Fantastique","Gaiman (Neil)","McKean (Dave)"
"Blanche (Wetta Worldwide)","4 (1 avis)","Wetta Worldwide","Inclassable","Kwon (Songgu)","Kwon (Songgu)"
"Blankets - Manteau de neige","3.79 (34 avis)","Casterman","Roman Graphique","Thompson (Craig)","Thompson (Craig)"
"Blonde platine","2.71 (7 avis)","Seuil","Roman Graphique","Tomine (Adrian)","Tomine (Adrian)"
"Blondie","4 (1 avis)","Futuropolis/J'ai lu",,"Young (Chic)","Young (Chic)"
"Blood Song","3 (1 avis)","Harcourt","Conte","Drooker (Eric)","Drooker (Eric)"
"Bloody Mary","3 (3 avis)","Le Téméraire","Science-Fiction","Ennis (Garth)","Ezquerra (Carlos)"
"Bluesman","3.5 (2 avis)","Akileos","Aventure","Vollmar (Rob)","Callejo (Pablo Garcia)"
"Bob l'aviateur","3 (1 avis)","Futuropolis","Aventure","Terry (John)","Terry (John)"
"Body bags","3.5 (2 avis)","Delcourt","Policier/Thriller","Pearson (Jason)","Pearson (Jason)"
"Bone","4.04 (23 avis)","Delcourt","Aventure","Smith (Jeff)","Smith (Jeff)"
"Bone - Big Johnson Bone contre les rats-garous","2.88 (8 avis)","Delcourt","Aventure","Sniegoski (Tom)","Smith (Jeff)"
"Bone - Rose","3.2 (5 avis)","Delcourt","Fantasy","Smith (Jeff)","Vess (Charles)"
"Bourbon Thret","2 (1 avis)","Delcourt","Science-Fiction","Darrow (Geof)","Darrow (Geof)"
"Breakfast after noon","3.1 (10 avis)","Casterman","Roman Graphique","Watson (Andi)","Watson (Andi)"
"Buck Rogers","5 (1 avis)","Horay/Deux Coqs d'Or/Sagédition","Science-Fiction","Nowlan (Philip)","Calkins (Dick)"
"Buddy Bradley","4 (2 avis)","Rackham","Roman Graphique","Bagge (Peter)","Bagge (Peter)"
"Building (le)","3.25 (4 avis)","Rackham","Roman Graphique","Eisner (Will)","Eisner (Will)"
"Buz Sawyer","2 (1 avis)","Futuropolis","Aventure","Crane (Roy)","Crane (Roy)"
"Buzz & Bell","2.5 (2 avis)","Dupuis","Humour","Aragonés (Sergio)","Aragonés (Sergio)"
"Cage","4 (1 avis)","Panini Comics/Marvel","Policier/Thriller","Azzarello (Brian)","Corben (Richard)"
"Cages","3.4 (10 avis)","Delcourt","Roman Graphique","McKean (Dave)","McKean (Dave)"
"Calvin et Hobbes","4.26 (53 avis)","Hors collection (Presses de la cité)","Humour","Watterson (Bill)","Waterson (Bill)"
"Cancer de Maman (le)","4 (1 avis)","Cà et Là","Roman Graphique","Fies (Brian)","Fies (Brian)"
"Capote in Kansas","4 (3 avis)","Akileos","Policier/Thriller","Parks (Ande)","Samnee (Chris)"
"Captain America","4 (1 avis)","Artima/Marvel France/Maxi Livres","Fantastique","Simon (Joe)","Kirby (Jack)"
"Captain Britain","4 (1 avis)","Panini Comics","Science-Fiction","Moore (Alan)","Davis (Alan)"
"Caricature","2 (1 avis)","Rackham","Roman Graphique","Clowes (Daniel)","Clowes (Daniel)"
"Casey Ruggles","2 (1 avis)","Michel Deligne","Western","Tufts (Warren)","Tufts (Warren)"
"Catwoman - A Rome","4 (3 avis)","Panini Comics","Aventure","Loeb (Jeph)","Sale (Tim)"
"Catwoman : Le grand braquage","3.75 (4 avis)","Semic","Policier/Thriller","Cooke (Darwyn)","Cooke (Darwyn)"
"Caveman","2.5 (2 avis)","2L Productions","Humour","Ozkan (Tayyar)","Ozkan (Tayyar)"
"Changements d'adresses","2.67 (3 avis)","L'Association","Roman Graphique","Doucet (Julie)","Doucet (Julie)"
"Chatte (Comics USA) (la)","4 (1 avis)","Comics USA","Policier/Thriller","Kerac (Bane)","Kerac (Bane)"
"Chelsea in Love","3 (1 avis)","Cà et Là","Roman Graphique","Chelsea (David)","Chelsea (David)"
"Chère Julia","3.5 (2 avis)","La Pastèque","Roman Graphique","Biggs (Brian)","Biggs (Brian)"
"Chosen","3.33 (3 avis)","Bamboo","Fantastique","Millar (Mark)","Gross (Peter)"
"Chroniques de l'ère xénozoïque","3 (1 avis)","Akileos","Science-Fiction","Schultz (Mark)","Schultz (Mark)"
"Ciboire de criss !","2.25 (4 avis)","L'Association","Roman Graphique","Doucet (Julie)","Doucet (Julie)"
"Cité de verre","4 (1 avis)","Actes Sud","Roman Graphique","Karasik (Paul)","Mazzucchelli (David)"
"Classwar","4 (3 avis)","Delcourt","Fantastique","Williams (Rob)","Foreman (Travel)/Hairsine (Trevor)"
"Clumsy","2.5 (2 avis)","Ego comme X","Roman Graphique","Brown (Jeffrey)","Brown (Jeffrey)"
"Col-Dee","3 (1 avis)","La Pastèque","Roman Graphique","Crane (Jordan)","Crane (Jordan)"
"Comme un gant de velours pris dans la fonte","3.14 (7 avis)","Cornélius","Inclassable","Clowes (Daniel)","Clowes (Daniel)"
"Commis voyageur (le)","3.33 (6 avis)","Casterman","Roman Graphique","Seth","Seth"
"Complot (le)","4 (5 avis)","Grasset","Historique","Eisner (Will)","Eisner (Will)"
"Conan le Barbare - Les clous rouges","4.5 (2 avis)","Les Humanoïdes Associés","Fantasy","Thomas (Roy)","Smith (Barry)"
"Concrete","2.83 (6 avis)","Semic","Science-Fiction","Chadwick (Paul)","Chadwick (Paul)"
"Congo Bill","3.33 (3 avis)","Mosquito","Historique","Cunningham (Scott)","Zezelj (Danijel)"
"Connie","3 (1 avis)","Futuropolis","Aventure","Godwin (Frank)","Godwin (Frank)"
"Coup du lapin (le)","4 (1 avis)","Chifflet & Cie","Humour","Riley (Andy)","Riley (Andy)"
"Cours intérieures","2 (1 avis)","La Boite d'Aluminium","Inclassable","Shadmi (Koren)","Shadmi (Koren)"
"Courtney Crumrin","3.77 (13 avis)","Akileos","Fantastique","Naifeh (Ted)","Naifeh (Ted)"
"Criminal Macabre","3.67 (6 avis)","Carabas","Fantastique","Niles (Steve)","Templesmith (Ben)"
"Crimson","3.83 (6 avis)","Editions USA","Fantastique","Augustyn (Bryan)","Ramos (Humberto)"
"Crisis on Infinite Earths","2 (1 avis)","Semic","Science-Fiction","Wolfman (Marv)","Perez (George)"
"Crush","3 (2 avis)","Bamboo","Fantastique","Hall (Jason)","Murphy (Sean)"
"Cycle des Epées (le)","3 (1 avis)","Zenda","Fantasy","Chaykin (Howard)","Mignola (Mike)"
"D-day, le jour du désastre","3.17 (6 avis)","Les Humanoïdes Associés","Fantastique","Brin (David)","Hampton (Scott)"
"D.R. & Quinch présentent : le Non-Sens de la Vie","3.25 (4 avis)","Zenda","Humour","Moore (Alan)","Davis (Alan)"
"Daddy's Girl","4 (4 avis)","L'Association","Roman Graphique","Drechsler (Debbie)","Drechsler (Debbie)"
"Daisy Kutter","2.5 (2 avis)","Albin Michel","Western","Kibuishi (Kazu)","Kibuishi (Kazu)"
"Damned","3 (2 avis)","Kymera","Policier/Thriller","Grant (Steven)","Zeck (Mike)"
"Dan Dare","4 (1 avis)","Hum. Associés/Greantori","Science-Fiction","Morris (Markus)","Hampson (Frank)"
"Dan et Larry","2.5 (2 avis)","Seuil","Roman Graphique","Cooper (Dave)","Cooper (Dave)"
"Danger Girl","2.25 (4 avis)","Editions USA","Aventure","Campbell (Jeff Scott)","Campbell/Hartne"
"Dans les nuages","3.33 (3 avis)","Dargaud","Jeunesse","Crane (Jordan)","Crane (Jordan)"
"DareDevil - Cauchemar","2 (1 avis)","Panini Comics/Marvel","Policier/Thriller","Bendis (Brian Michael)","Mack (David)"
"Daredevil - Father","4 (1 avis)","Panini Comics","Policier/Thriller","Quesada (Joe)","Quesada (Joe)"
"DareDevil - Guerre et amour","3.4 (5 avis)","Panini Comics/Marvel","Policier/Thriller","Miller (Frank)","Sienkiewicz (Bill)"
"DareDevil - Jaune","3.33 (3 avis)","Panini Comics/Marvel","Roman Graphique","Loeb (Jeph)","Sale (Tim)"
"DareDevil - L'Homme sans peur","3.75 (4 avis)","Bethy","Policier/Thriller","Miller (Frank)","Romita (John, Jr.)"
"Daredevil - L'intégrale","4 (1 avis)","Panini Comics/Marvel","Policier/Thriller","Miller (Frank)","Miller (Frank)"
"DareDevil - La Mort d’Elektra","3 (2 avis)","Comics USA","Policier/Thriller","Miller (Frank)","Miller (Frank)"
"Daredevil - Renaissance","4.5 (2 avis)","Bethy","Fantastique","Miller (Frank)","Mazzucchelli (David)"
"DareDevil - Sous l'aile du Diable","2 (1 avis)","Panini Comics/Marvel","Policier/Thriller","Smith (Kevin)","Quesada (Joe)"
"Daredevil - Underboss","3.75 (4 avis)","Panini Comics/Marvel","Policier/Thriller","Bendis (Brian Michael)","Maleev (Alex)"
"DareDevil/Punisher - Jeu d’enfants","2 (1 avis)","Comics USA","Policier/Thriller","Miller (Frank)","Miller (Frank)"
"Darkblade","2 (1 avis)","Bulle Dog","Fantasy","Abnett (Dan)","Hopgood (Kevin)"
"David Boring","3.56 (9 avis)","Cornélius","Policier/Thriller","Clowes (Daniel)","Clowes (Daniel)"
"De mal en pis","4.08 (12 avis)","Rackham","Roman Graphique","Robinson (Alex)","Robinson (Alex)"
"Deadman","2 (1 avis)","Editions du Fromage/Glénat","Fantastique","Drake (Arnold)","Infantino (Carmine)"
"Deadman : L'Amour après la mort","3 (1 avis)","Comics USA","Fantastique","Baron (Mike)","Jones (Kelley)"
"Death","3.5 (2 avis)","Le Téméraire","Fantastique","Gaiman (Neil)","Bachalo (Chris)"
"Deep Inside Punish Yourself","2 (1 avis)","K-Inite","Inclassable","Trinh Thi (Coralie)","Collectif"
"Defective stories","3.5 (2 avis)","Albin Michel","Policier/Thriller","Burns (Charles)","Burns (Charles)"
"Démon Intérieur","1.5 (2 avis)","Editions USA","Science-Fiction","Casini (Stefano)","Casini (Stefano)"
"Den","3.67 (3 avis)","Les Humanoïdes Associés/Editions USA/TOTH","Fantasy","Corben (Richard)","Corben (Richard)"
"Dennis la malice","4 (1 avis)","Editions MCL","Jeunesse","Ketcham (Hank)","Ketcham (Hank)"
"Dernier Chevalier (le)","3 (2 avis)","Rackham","Aventure","Eisner (Will)","Eisner (Will)"
"Derniers rappels","3.67 (3 avis)","Rackham","Roman Graphique","Robinson (Alex)","Robinson (Alex)"
"Des Loups dans les murs","2.5 (2 avis)","Delcourt","Conte","Gaiman (Neil)","McKean (Dave)"
"Desperados","2.25 (4 avis)","Delcourt","Western","Mariotte (Jeff)","Cassaday (John)"
"Diablo","1.33 (3 avis)","Albin Michel","Fantasy","Différents collaborateurs","Ruiz Velasco (Francisco)"
"Dick Tracy","4 (1 avis)","Focus/Futuropolis","Policier/Thriller","Gould (Chester)","Gould (Chester)"
"Dickie Dare","4 (1 avis)","Futuropolis","Jeunesse","Caniff (Milton)","Caniff (Milton)"
"Dissymétries","3 (1 avis)","La Boite d'Aluminium","Inclassable","Shadmi (Koren)","Shadmi (Koren)"
"Docteur Jekyll & Mister Hyde","3.38 (13 avis)","Casterman","Fantastique","Kramsky (Jerry)","Mattotti (Lorenzo)"
"Docteur Strange","2 (1 avis)","Artima/Comics USA","Fantastique","Lee (Stan)","Ditko (Steve)"
"Double Fond","3.33 (6 avis)","Delcourt","Roman Graphique","Lutes (Jason)","Lutes (Jason)"
"Down","2 (1 avis)","Delcourt","Policier/Thriller","Ellis (Warren)","Harris (Tony)/Hammer (Cully)"
"Dr. Fu-Manchu","3 (2 avis)","Hachette","Aventure","Benzoni (Juliette)","Bressy (Robert)"
"Dracula (Bram Stoker)","3 (2 avis)","Comics USA","Fantastique","Thomas (Roy)","Mignola (Mike)"
"Drago","4.33 (3 avis)","Serg","Aventure","Hogarth (Burne)","Hogarth (Burne)"
"Dragons...","3 (1 avis)","Editions USA","Fantasy","Di Felice (Cinzia)","Di Felice (Cinzia)"
"Earl & Mooch","3 (2 avis)","Les Humanoïdes Associés","Humour","McDonnell (Patrick)","McDonnell (Patrick)"
"Echos graphiques","2.5 (2 avis)","Delcourt","Inclassable","McKean (Dave)","McKean (Dave)"
"Elektra","3 (3 avis)","Delcourt","Policier/Thriller","Miller (Frank)","Sienkiewicz (Bill)"
"Elektra - Le Retour","3 (4 avis)","Comics USA","Policier/Thriller","Miller (Frank)","Miller (Frank)"
"Elektra Saga","2 (1 avis)","Delcourt","Policier/Thriller","Miller (Frank)","Miller (Frank)"
"Empire","3.5 (2 avis)","Semic","Science-Fiction","Waid (Mark)","Kitson (Barry)"
"Empire de Trigan (l')","4 (4 avis)","Glénat","Science-Fiction","Butterworth (Mike)","Lawrence (Don)"
"Enquêtes de Sam & Twitch (les)","3 (1 avis)","Delcourt","Policier/Thriller","Andreyko (Marc)","Collectif (un auteur par album)"
"Escapo","2.5 (4 avis)","Vertige Graphic","Roman Graphique","Pope (Paul)","Pope (Paul)"
"Everquest Les ruines de Kunark","1 (1 avis)","Albin Michel","Fantasy","Lee (Jim)/Mc Quaid","Norton (Dan)/Lee (Jim)"
"Ex Machina","3 (4 avis)","Editions USA","Science-Fiction","Vaughan (Brian K.)","Harris (Tony)"
"Fables","3.83 (6 avis)","Semic","Conte","Willingham (Bill)","Medina (Lan)/Buckingham (Mark)"
"Fabuleux Freak Brothers (les)","2.67 (3 avis)","Tête Rock Underground","Humour","Shelton (Gilbert)","Shelton (Gilbert)"
"Fagin le Juif","3.75 (4 avis)","Delcourt","Roman Graphique","Eisner (Will)","Eisner (Will)"
"FAKK 2","2 (3 avis)","Editions USA","Science-Fiction","Eastman (Kevin)","Bisley (Simon)"
"Famille Illico (la)","3 (1 avis)","Hachette/Glénat/Futuropolis/Vents d'Ouest","Humour","McManus (Georges)","McManus (Georges)"
"Family Life","3 (1 avis)","Vents d'Ouest","Humour","Johnston (Lynn)","Johnston (Lynn)"
"Fantastic Four","3.8 (5 avis)","Bethy","Science-Fiction","Lee (Stan)","Kirby (Jack)"
"Fantastic Four - 1234","3.5 (2 avis)","Panini Comics/Marvel","Science-Fiction","Morrisson (Grant)","Lee (Jae)"
"Fantastic Four - Vive les Fantastiques !","3 (1 avis)","Panini Comics/Marvel","Aventure","Davis (Alain)/Lobdell (Scott)","Davis (Alain)/Lobdell (Scott)"
"Fantôme (le)","4 (1 avis)","Soleil","Aventure","Falk (Lee)","Moore (Ray)"
"Fathom","2.8 (5 avis)","Delcourt","Fantastique","Turner (Michael)","Turner (Michael)"
"Félix le chat","2.5 (2 avis)","Hachette/Azur/MCL/Horay/Vents d'Ouest","Jeunesse","Messmer (Otto)","Messmer (Otto)"
"Fichtre !","2 (1 avis)","Amok éditions","Jeunesse","Weissman (Steven)","Weissman (Steven)"
"Fierce","5 (1 avis)","Bamboo","Fantastique","Love (Jeremy)","Love (Robert)"
"Fille perdue","2.75 (4 avis)","La Boîte à Bulles","Roman Graphique","Kanan (Nabiel)","Kanan (Nabiel)"
"Frank","2.5 (2 avis)","L'Association","Aventure","Woodring (Jim)","Woodring (Jim)"
"Fritz the Cat","2 (2 avis)","Anthracite","Humour","Crumb (Robert)","Crumb (Robert)"
"From Hell","3.96 (24 avis)","Delcourt","Policier/Thriller","Moore (Alan)","Campbell (Eddie)"
"Fun Home : Une tragicomédie familiale","2.67 (3 avis)","Denoël Graphic","Roman Graphique","Bechdel (Alison)","Bechdel (Alison)"
"Fury","2 (2 avis)","Panini Comics/Marvel","Aventure","Ennis (Garth)","Robertson (Darick)"
"Futurama","3.5 (2 avis)","Dino","Humour","Collectif (un auteur par album)","Collectif (un auteur par album)"
"Fuzz & Pluck","2 (1 avis)","Cornélius","Inclassable","Stearn (Ted)","Stearn (Ted)"
"Gambit","3 (1 avis)","Panini Comics/Marvel","Fantastique","Nicieza (Fabian)","Skroce (Steve)"
"Ganges","3.25 (4 avis)","Vertige Graphic/Coconino Press","Roman Graphique","Huizenga (Kevin)","Huizenga (Kevin)"
"Gant de l'Infini (le)","3.67 (3 avis)","Panini Comics/Marvel","Science-Fiction","Starlin (Jim)","Perez (George)/Lim (Ron)"
"Garfield","3.78 (32 avis)","Dargaud","Humour","Davis (Jim)","Davis (Jim)"
"Géométrie de l'obsession (la)","2 (1 avis)","Cornélius","Roman Graphique","Mazzucchelli (David)","Mazzucchelli (David)"
"Ghost World","3.15 (13 avis)","Vertige Graphic","Roman Graphique","Clowes (Daniel)","Clowes (Daniel)"
"Girls","3.55 (11 avis)","Delcourt","Fantastique","Luna (Joshua)","Luna (Jonathan)"
"GloomCookie","4 (1 avis)","Akileos","Fantastique","Valentino (Serena)","Naifeh (Ted)"
"Goddess","2.5 (2 avis)","Le Téméraire","Fantastique","Ennis (Garth)","Winslade (Phil)"
"Godspeed : une vie de Kurt Cobain","1 (1 avis)","Flammarion","Roman Graphique","Legg/McCarty","Flameboy"
"Goldfish","3.5 (2 avis)","Semic","Policier/Thriller","Bendis (Brian Michael)","Bendis (Brian Michael)"
"Gorazde","4 (4 avis)","Rackham","Documentaire","Sacco (Joe)","Sacco (Joe)"
"Gotham Central","3.5 (4 avis)","Semic/Panini Comics","Policier/Thriller","Brubaker/Rucka","Lark (Michael)"
"Green Arrow","3.25 (4 avis)","Semic","Policier/Thriller","Smith (Kevin)","Hester (Phil)"
"Grendel","1 (1 avis)","Panini Comics/Generation Comics","Fantastique","Robinson (James)","Kristiansen (Teddy)"
"Grendel - L'Enfant Guerrier","1.67 (3 avis)","Dark Horse France","Fantastique","Wagner (Matt)","Mc Eown (Pat)"
"Guerre des Mondes (la)","2 (2 avis)","Kymera","Science-Fiction","Edginton (Ian)","D'Israeli"
"Guilty","4 (1 avis)","Ego comme X","Roman Graphique","Stevens (Karl)","Stevens (Karl)"
"Hack Slash","3 (1 avis)","Wetta Worldwide","Fantastique","Seeley (Tim)","Collectif"
"Hägar Dünor le Viking","2.86 (7 avis)","Dargaud","Humour","Browne (Dik)","Browne (Dik)"
"Hard Boiled","3.55 (11 avis)","Delcourt","Science-Fiction","Miller (Frank)","Darrow (Geof)"
"Hellblazer : Hard Time","4 (9 avis)","TOTH","Fantastique","Azzarello (Brian)","Corben (Richard)"
"Hellblazer: Good intentions","5 (1 avis)","TOTH","Fantastique","Azzarello (Brian)","Frusin (Marcello)"
"Hellboy","4 (14 avis)","Delcourt","Fantastique","Mignola (Mike)","Mignola (Mike)"
"Hellboy - Histoires bizarres","3.5 (2 avis)","Delcourt","Fantastique","Collectif","Collectif"
"Hellboy - Rencontres","3 (1 avis)","Semic","Fantastique","Robinson (James)/Mignola (Mike)","Mignola (Mike)/Benefiel (Scott)"
"HellSpawn","3.13 (8 avis)","Semic","Fantastique","Bendis (Brian Michael)","Wood (Ashley)"
"Herobear and the kid","3.8 (5 avis)","V2O Editions","Jeunesse","Kunkel (Mike)","Kunkel (Mike)"
"Heure des Sorcières (l')","2 (1 avis)","Semic","Fantastique","Loeb (Jeph)","Bachalo (Chris)"
"Hicksville","3.89 (9 avis)","L'Association","Roman Graphique","Horrocks (Dylan)","Horrocks (Dylan)"
"Histoires de Bosnie","3.5 (4 avis)","Rackham","Documentaire","Sacco (Joe)","Sacco (Joe)"
"Hulk - Banner","3 (3 avis)","Panini Comics/Marvel","Science-Fiction","Azzarello (Brian)","Corben (Richard)"
"Hulk - Futur imparfait","2.67 (3 avis)","Panini Comics/Marvel","Science-Fiction","David (Peter)","Perez (George)"
"Hulk - L'intégrale","4 (1 avis)","Marvel","Fantastique","Lee (Stan)","Kirby (Jack)"
"Human Target","3.43 (7 avis)","Semic","Policier/Thriller","Milligan (Peter)","Biukovic (Edvin)"
"Ice Haven","4 (2 avis)","Cornélius","Roman Graphique","Clowes (Daniel)","Clowes (Daniel)"
"Ils m'énervent","3 (1 avis)","Berg International Editeurs","Humour","Singer (Andy)","Singer (Andy)"
"Indestructibles (les)","3 (1 avis)","Hachette","Aventure","Bird (Brad)","Curtis (Ricardo)"
"Infini (l')","3 (1 avis)","Les Humanoïdes Associés","Science-Fiction","Austen (Chuck)","Cossin"
"Infinite Crisis","3 (1 avis)","Panini Comics","Science-Fiction","Collectif","Collectif"
"Invincible","3.33 (3 avis)","Delcourt","Science-Fiction","Kirkman (Robert)","Walker (Cory)"
"Invisibles (les)","3 (1 avis)","Le Téméraire","Science-Fiction","Morrisson (Grant)","Jimenez (Phil)"
"Iron Ghost","3 (1 avis)","Bamboo","Policier/Thriller","Dixon (Chuck)","Cariello (Sergio)"
"Iron Man","3 (1 avis)","Artima","Fantastique","Lee (Stan)","Lieber (Larry)"
"Ironwolf","2 (2 avis)","Zenda","Science-Fiction","Chaykin (Howard)/Moore (John Francis)","Mignola (Mike)"
"Jack B. Quick, enfant prodige","3.75 (4 avis)","Editions USA","Science-Fiction","Moore (Alan)","Nowlan (Kevin)"
"Jack Kirby","3 (1 avis)","Panini Comics/Marvel","Science-Fiction","Collectif","Kirby (Jack)"
"Jacob le Cafard","2.5 (2 avis)","Delcourt","Roman Graphique","Eisner (Will)","Eisner (Will)"
"Jay & Motus Bob","3 (2 avis)","Semic","Humour","Smith (Kevin)","Fegredo (Duncan)"
"Je ne t'ai jamais aimé","3.4 (5 avis)","Les 400 Coups","Roman Graphique","Brown (Chester)","Brown (Chester)"
"Je suis un vampire","4.09 (11 avis)","Albin Michel","Fantastique","Trillo (Carlos)","Risso (Eduardo)"
"Jeff Hawke","3 (1 avis)","Glénat/Ed. du Square","Science-Fiction","Jordan (Sidney)/Souster (Eric)","Jordan (Sidney)"
"Jeunesse de Picsou (la)","4.25 (8 avis)","Disney Hachette Presse S.N.C","Jeunesse","Don Rosa (Keno)","Don Rosa (Keno)"
"Jim la Jungle","4 (1 avis)","Futuropolis","Aventure","Raymond (Alex)","Raymond (Alex)"
"Jimi Hendrix : la légende du Voodoo Child","3 (1 avis)","Delcourt","Roman Graphique","Young (Jeff)/Green (Martin)","Sienkiewicz (Bill)"
"Jimmy Corrigan","3.83 (12 avis)","Delcourt","Roman Graphique","Ware (Chris)","Ware (Chris)"
"JLA : Extinction","3 (1 avis)","Semic","Science-Fiction","Kesel (Karl)/Marz (Ron)","Immonen (Stuart)/McKone (Mike)"
"JLA : Justice","4 (2 avis)","Panini Comics","Science-Fiction","Krueger (Jim)","Braithwaite (Dougie)/Ross (Alex)"
"JLA : Justice et liberté","2.5 (2 avis)","Semic","Aventure","Dini (Paul)","Ross (Alex)"
"JLA : Le clou","3 (1 avis)","Panini Comics","Science-Fiction","Davis (Alan)","Davis (Alan)"
"JLA (Soleil)","3 (1 avis)","Soleil","Fantastique","Morrison/Waid/Moeller","Quitely/Hitch/Moeller"
"Johnny Hazard","3 (1 avis)","Focus/Humanoïdes Ass./Gilou/Glénat","Aventure","Robbins (Franck)","Robbins (FRanck)"
"Jonni Future","3.5 (2 avis)","Semic","Science-Fiction","Moore (Steve)","Adams (Arthur)"
"Jonny Double","2.75 (4 avis)","Le Téméraire","Policier/Thriller","Azzarello (Brian)","Risso (Eduardo)"
"Jour où j'ai échangé mon père... (le)","3 (2 avis)","Delcourt","Inclassable","Gaiman (Neil)","McKean (Dave)"
"Journal d'un défaitiste","4 (1 avis)","Rackham","Inclassable","Sacco (Joe)","Sacco (Joe)"
"Judge Dredd","3 (1 avis)","Hum. Associés/Glénat/Aredit/La Sirène","Science-Fiction","Wagner/McMahon","Bolland/Bisley/Ezquerra"
"Juliette Jones","3 (1 avis)","Futuropolis","Inclassable","Caplin (Elliott)","Drake (Stan)"
"Jungle (la)","3 (1 avis)","Rackham","Roman Graphique","Kuper (Peter)","Kuper (Peter)"
"Just a Pilgrim","3 (2 avis)","Semic","Science-Fiction","Ennis (Garth)","Ezquerra (Carlos)"
"Kabuki","3.5 (2 avis)","Panini Comics/Generation Comics","Fantastique","Mack (David)","Mack (David)"
"Kane","4 (1 avis)","La comédie illustrée","Policier/Thriller","Grist (Paul)","Grist (Paul)"
"Kickback","2 (1 avis)","Carabas","Policier/Thriller","Lloyd (David)","Lloyd (David)"
"Kids (les)","3.33 (3 avis)","Seuil","Roman Graphique","Matt (Joe)","Matt (Joe)"
"King","3 (1 avis)","Emmanuel Proust Éditions","Historique","Anderson (Ho Che)","Anderson (Ho Che)"
"King (le)","4 (1 avis)","Treize étrange","Inclassable","Koslowski (Rich)","Koslowski (Rich)"
"Kingdom Come","3.2 (10 avis)","Semic","Science-Fiction","Waid (Mark)","Ross (Alex)"
"Krazy Kat","4 (1 avis)","Futuropolis","Humour","Herriman (George)","Herriman (George)"
"Là où vont nos pères","4 (7 avis)","Dargaud","Conte","Tan (Shaun)","Tan (Shaun)"
"Lagon de Sherman (le)","2.5 (2 avis)","La Sirène","Humour","Toomey (Jim)","Toomey (Jim)"
"Leave it to Chance","3 (1 avis)","Semic","Fantasy","Robinson (James)","Smith (Paul)"
"Lenore","2.25 (4 avis)","Semic","Fantastique","Dirge (Roman)","Dirge (Roman)"
"Li'l Abner","3 (1 avis)","Ed. du Square/Futuropolis","Humour","Capp (Al)","Capp (Al)"
"Lignes de fuite","2 (1 avis)","Seuil","Roman Graphique","Johnson (R. Kikuo)","Johnson (R. Kikuo)"
"Ligue des Gentlemen Extraordinaires (la)","3.37 (19 avis)","Editions USA","Aventure","Moore (Alan)","O'Neill (Kevin)"
"Little Annie Fanny","4 (1 avis)","Editions Hors Collection","Humour","Kurtzman (Harvey)","Kurtzman (Harvey)/ Elder (Will)"
"Little Lit","2 (1 avis)","Seuil","Conte","Collectif","Collectif"
"Little Sammy Sneeze (Petit Sammy Éternue)","2 (2 avis)","Horay","Humour","McCay (Winsor)","McCay (Winsor)"
"Little Star","4 (5 avis)","Cà et Là","Roman Graphique","Watson (Andi)","Watson (Andi)"
"Lobo - Le Dernier Czarnien","2 (1 avis)","Comics USA","Science-Fiction","Grant (Alan)/Giffen (Keith)","Bisley (Simon)"
"Lobo - Le Noël de Lobo","3 (1 avis)","Comics USA","Science-Fiction","Grant (Alan)/Giffen (Keith)","Bisley (Simon)"
"Locas","3.8 (5 avis)","Seuil","Roman Graphique","Hernandez (Jaime)","Hernandez (Jaime)"
"Loki","3.5 (2 avis)","Panini Comics/Marvel","Fantasy","Rodi (Robert)","Ribic (Esad)"
"Louis Riel, l'insurgé","3.43 (7 avis)","Casterman","Historique","Brown (Chester)","Brown (Chester)"
"Love & Rockets X","2 (1 avis)","Rackham","Roman Graphique","Hernandez (Gilbert)","Hernandez (Gilbert)"
"Lovecraft (Soleil)","4 (2 avis)","Soleil","Inclassable","Giffen (Keith)","Breccia (Enrique)"
"Luc Bradefer - Brick Bradford","4 (1 avis)","Celeg/RTP/ANAF/Futuropolis/Serg/Slatkine/Rossel/","Science-Fiction","Ritt (William)","Gray (Clarence)"
"Maison au Bord du Monde (la)","3.5 (2 avis)","TOTH","Fantastique","Revelstroke (Simon)","Corben (Richard)"
"Maison des secrets (la)","4 (2 avis)","Le Téméraire","Fantastique","Seagle (Steven T.)","Kristiansen (Teddy)"
"Maîtres du désordre (les)","4 (2 avis)","Rackham","Fantastique","Tomlinson (John)","Snejbjer (Peter)"
"Male Call","3 (1 avis)","Futuropolis","Humour","Caniff (Milton)","Caniff (Milton)"
"Malédiction de Dracula (la)","3 (1 avis)","Vertige Graphic","Fantastique","Wolfman (Marv)","Colan (Gene)"
"Mandrake (Intégrale Soleil)","3.5 (2 avis)","Soleil","Fantastique","Falk (Lee)","Davis (Phil)"
"Mariée par correspondance","3.64 (11 avis)","Paquet","Roman Graphique","Kalesniko (Mark)","Kalesniko (Mark)"
"Marijuana à Tijuana","3 (1 avis)","Librairies Parallèles","Aventure","Holmes (Rand)","Holmes (Rand)"
"Marquis (G. Davis) (le)","4 (1 avis)","Les Humanoïdes Associés","Fantastique","Davis (Guy)","Davis (Guy)"
"Marshal Law","3 (2 avis)","Zenda","Science-Fiction","Mills (Pat)","O'Neill (Kevin)"
"Martha Washington - Liberty, un rêve américain","3.29 (7 avis)","Zenda","Science-Fiction","Miller (Frank)","Gibbons (Dave)"
"Martha Washington Goes to War","1 (2 avis)","Dark Horse France","Science-Fiction","Miller (Frank)","Gibbons (Dave)"
"Martha Washington sauve le monde","1 (3 avis)","Delcourt","Science-Fiction","Miller (Frank)","Gibbons (Dave)"
"Marvel zombies","3 (1 avis)","Panini Comics","Science-Fiction","Kirkman (Robert)","Phillips (Sean)"
"Marvels","2.8 (5 avis)","Panini Comics/Marvel","Science-Fiction","Busiek (Kurt)","Ross (Alex)"
"Masque à l'envers (le)","3 (1 avis)","Comics USA","Fantastique","Collectif","Bolton (John)"
"Maus","4.27 (49 avis)","Flammarion","Historique","Spiegelman (Art)","Spiegelman (Art)"
"Mémoires d'une vermine","3.33 (9 avis)","Albin Michel","Policier/Thriller","Trillo (Carlos)","Saenz Valiente (Juan)"
"Metal Gear Solid","3 (2 avis)","Soleil","Policier/Thriller","Oprisko (Kris)","Wood (Ashley)"
"Midnight Nation","3.62 (13 avis)","Semic","Fantastique","Straczynski (J. Michael)","Frank (Gary)"
"Miettes","5 (1 avis)","Seuil","Humour","Crumb (Robert)","Crumb (Robert)"
"Mille et Une Nuits (les)","2 (1 avis)","Les Humanoïdes Associés","Fantasy","Strnad (Jan)","Corben (Richard)"
"Ministère de l'Espace","3 (1 avis)","Semic","Science-Fiction","Ellis (Warren)","Weston (Chris)"
"Miracle Jones","3 (1 avis)","Serg","Humour","Hogarth (Burne)","Hogarth (Burne)"
"Miracleman","3.6 (5 avis)","Delcourt","Science-Fiction","Moore (Alan)","Davis (Alan)/Leach (Garry)"
"Mister Nostalgia","2 (1 avis)","Cornélius","Inclassable","Crumb (Robert)","Crumb (Robert)"
"Modesty Blaise","3 (1 avis)","Hachette/Glénat","Policier/Thriller","O'Donnell (Peter)","Holdaway (Jim)"
"Mon dernier jour au Vietnam","2 (2 avis)","Delcourt","Documentaire","Eisner (Will)","Eisner (Will)"
"Monde mutant","1 (1 avis)","Comics USA","Science-Fiction","Strnad (Jan)","Corben (Richard)"
"Mort blanche (la)","3 (1 avis)","Les Cartoonistes Dangereux","Historique","Morrison (Robbie)","Adlard (Charles)"
"Mort dans les yeux (la)","2 (2 avis)","Mosquito","Fantastique","Macan (Darko)","Zezelj (Danijel)"
"Mort@17","3 (1 avis)","Akileos","Fantastique","Howard (Josh)","Howard (Josh)"
"Move to the city","4 (1 avis)","B.ü.L.B. comix","Inclassable","Gauld (Tom)","Gauld (Tom)"
"Mr. Punch","3.33 (3 avis)","Reporter","Roman Graphique","Gaiman (Neil)","McKean (Dave)"
"Mudwog","3 (1 avis)","Glénat","Inclassable","Suydam (Arthur)","Suydam (Arthur)"
"Mysteres du Meurtre (les)","3.56 (9 avis)","Semic","Policier/Thriller","Gaiman (Neil)","Russel (Graig)"
"Mystérieuses enquêtes de Sandman (les)","3.5 (2 avis)","Le Téméraire","Policier/Thriller","Wagner (Matt)/Seagle (Steven T.)","Davis (Guy)"
"Mystic Funnies","4 (1 avis)","Zebu éditions(Psikopat)","Humour","Crumb (Robert)","Crumb (Robert)"
"Namor","2 (1 avis)","Panini Comics/Marvel","Science-Fiction","Jemas (Bill)/Watson (Andy)","Larroca (Salvador)/Olliffe (Patrick)"
"Nextwave","4 (1 avis)","Panini Comics","Science-Fiction","Ellis (Warren)","Immonen (Stuart)"
"Nick Fury","4 (1 avis)","Les Humanoïdes Associés/Semic","Aventure","Lee (Stan)","Kirby (Jack)"
"Nouvelle frontière (la)","4 (2 avis)","Panini Comics","Science-Fiction","Cooke (Darwyn)","Cooke (Darwyn)"
"Noyés (les)","4 (2 avis)","La Boîte à Bulles","Policier/Thriller","Kanan (Nabiel)","Kanan (Nabiel)"
"Nuits blanches","2 (1 avis)","Cà et Là","Roman Graphique","Orff (Joel)","Orff (Joel)"
"Nyx","3.33 (3 avis)","Marvel","Science-Fiction","Quesada (Joe)","Middelton (Joshua)"
"Obergeist","2.5 (2 avis)","Bulle Dog","Fantastique","Jolley (Dan)","Harris (Tony)"
"Odyssée Cosmique (l')","3 (1 avis)","Bethy","Science-Fiction","Starlin (Jim)","Mignola (Mike)"
"Ogre","3 (1 avis)","Les Humanoïdes Associés","Fantasy","Corben (Richard)","Corben (Richard)"
"Olympus","2 (1 avis)","Les Humanoïdes Associés","Fantasy","Johns (Geoff)/Grimminger (Kris)","Guice (Butch)"
"Oncle Picsou","3 (2 avis)","Edi-Monde/Dargaud","Jeunesse","Barks (Carl)","Barks (Carl)"
"Onslaught","3 (2 avis)","Panini Comics/Marvel","Science-Fiction","Collectif","Collectif"
"Originals","3.67 (6 avis)","Editions USA","Policier/Thriller","Gibbons (Dave)","Gibbons (Dave)"
"Palestine","2.8 (5 avis)","Vertige Graphic","Documentaire","Sacco (Joe)","Sacco (Joe)"
"Palomar City","4 (1 avis)","Seuil","Roman Graphique","Hernandez (Gilbert)","Hernandez (Gilbert)"
"Palooka","3 (1 avis)","Paquet","Science-Fiction","Vanloffelt/Fowler (Tom)","Fowler (Tom)"
"Parlez-moi de Mort","3 (1 avis)","Comics USA","Policier/Thriller","Abuli (Sanchez)","Bernet (Jordi)"
"Passage Afghan","4 (3 avis)","La Boîte à Bulles","Documentaire","Rall (Ted)","Rall (Ted)"
"Pays des elfes (le)","3.67 (9 avis)","Vents d'Ouest","Fantasy","Richard/Pini (Wendi)","Pini (Wendy)"
"Pedro et moi","3.75 (4 avis)","Cà et Là","Roman Graphique","Winick (Judd)","Winick (Judd)"
"Peep Show","3.67 (3 avis)","Les Humanoïdes Associés","Humour","Matt (Joe)","Matt (Joe)"
"Peine perdue","3.33 (6 avis)","Cà et Là","Roman Graphique","Doherty (Catherine)","Doherty (Catherine)"
"Petit roi (le)","4 (1 avis)","Horay","Humour","Soglow (Otto)","Soglow (Otto)"
"Petite Annie (la)","3 (1 avis)","SPE/Futuropolis/Rossel","Jeunesse","Verd/McClure (Darell)","Verd (Edward)"
"Petits miracles","3 (3 avis)","Delcourt","Roman Graphique","Eisner (Will)","Eisner (Will)"
"Pim Pam Poum","2.38 (8 avis)","Divers","Humour","Dirks (Rudolph)","Dirks (Rudolph)"
"Planetary","4 (2 avis)","Semic/Panini Comics","Science-Fiction","Ellis (Warren)","Cassaday (John)"
"Planètes pas Nettes","3 (1 avis)","Comics USA","Science-Fiction","Baron (Mike)","Holmes (Rand)"
"Plastic Man","2 (1 avis)","Les Humanoïdes Associés","Fantastique","Cole (Jack)","Cole (Jack)"
"Playboy (le)","1.5 (4 avis)","Les 400 Coups","Roman Graphique","Brown (Chester)","Brown (Chester)"
"Pogo","3 (1 avis)","Dupuis","Humour","Kelly (Walt)","Kelly (Walt)"
"Points de vues","3 (1 avis)","Cà et Là","Roman Graphique","Kuper (Peter)","Kuper (Peter)"
"Polly","3 (1 avis)","Futuropolis/Ed. de l'An 2","Jeunesse","Sterrett (Cliff)","Sterrett (Cliff)"
"Polly et les Pirates","3.5 (4 avis)","Les Humanoïdes Associés","Aventure","Naifeh (Ted)","Naifeh (Ted)"
"Pop gun war","3 (1 avis)","Kymera","Fantastique","Dalrymple (Farel)","Dalrymple (Farel)"
"Popeye (Denoël)","2 (1 avis)","Denoël Graphic","Humour","Segar (Elzie Crisler)","Segar (Elzie Crisler)"
"Popeye (Futuropolis)","3 (2 avis)","Futuropolis","Humour","Segar (Elzie Crisler)","Segar (Elzie Crisler)"
"Popol le joyeux pompier","4 (1 avis)","Futuropolis","Humour","Holman (Bill)","Holman (Bill)"
"Portrait du sorcier en jeune homme","3.5 (2 avis)","Akileos","Fantastique","Naifeh (Ted)","Naifeh (Ted)"
"Pourquoi je déteste Saturne","3.6 (5 avis)","Delcourt","Roman Graphique","Baker (Kyle)","Baker (Kyle)"
"Pourquoi Pete Duel s'est-il suicidé ?","2.5 (2 avis)","Paquet","Roman Graphique","Kalesniko (Mark)","Kalesniko (Mark)"
"Powers","3.33 (6 avis)","Semic","Policier/Thriller","Bendis (Brian Michael)","Oeming (Michael Avon)"
"Preacher","4 (7 avis)","Panini Comics","Aventure","Ennis (Garth)","Dillon (Steve)"
"Pride of Baghdad","3.5 (4 avis)","Panini Comics","Aventure","Vaughan (Brian K.)","Henrichon (Niko)"
"Privé de Hawaii (le)","3 (1 avis)","Bamboo","Policier/Thriller","Moore (Clay)","Griffin (Steven)"
"Pro (la)","2.67 (6 avis)","Editions USA","Humour","Ennis (Garth)","Conner (Amanda)/Palmiotti (Jimmy)"
"Promethea","3.33 (3 avis)","Semic/Panini Comics","Fantastique","Moore (Alan)","Williams III (J.H.)"
"Propeller Man","1 (1 avis)","Comics USA","Science-Fiction","Schultheiss (Matthias)","Schultheiss (Matthias)"
"Psychopark","3.75 (4 avis)","Vents d'Ouest","Humour","Cho (Frank)","Cho (Frank)"
"Punisher","3.25 (8 avis)","Panini Comics/Marvel","Policier/Thriller","Ennis (Garth)","Dillon (Steve)"
"Punisher - La fin","3.25 (4 avis)","Panini Comics/Marvel","Policier/Thriller","Ennis (Garth)","Corben (Richard)"
"Punisher - Zéro absolu (le)","2 (1 avis)","Panini Comics/Marvel","Policier/Thriller","Grant (Steven)","Zeck (Mike)"
"Pussey !","4 (2 avis)","Rackham","Humour","Clowes (Daniel)","Clowes (Daniel)"
"Putain, c’est la guerre !","1.67 (3 avis)","Denoël","Humour","Rees (David)","Rees (David)"
"Quand je serai vieille et autres histoires","3 (1 avis)","Editions de l'An 2","Roman Graphique","Bell (Gabrielle)","Bell (Gabrielle)"
"Queen & Country","3.5 (2 avis)","Semic","Policier/Thriller","Rucka (Greg)","Rolston (Steve)"
"Quimby the Mouse","2 (3 avis)","L'Association","Inclassable","Ware (Chris)","Ware (Chris)"
"Raoul et Gaston (Tim Tyler's Luck)","4 (1 avis)","Hachette/Flammarion/Celeg/RTP/Futuropolis","Aventure","Young (Lyman)","Young (Lyman)"
"Rayban Dog","1 (1 avis)","Paquet","Inclassable","Murphy","Redolfi (Tommy)"
"Red Ryder","4 (1 avis)","Dupuis/Futuropolis","Western","Harman (Fred)","Harman (Fred)"
"Remains","2.67 (3 avis)","Bamboo","Fantastique","Niles (Steve)","Dwyer"
"Réminiscences","4 (1 avis)","Emmanuel Proust Éditions","Policier/Thriller","Ptoma","Ptoma"
"Retour de l'éléphant (le)","1 (1 avis)","Actes Sud","Roman Graphique","Hornschemeier (Paul)","Hornschemeier (Paul)"
"Révélations","3.5 (12 avis)","Soleil","Fantastique","Jenkins (Paul)","Ramos (Humberto)"
"Rex Mundi","4 (2 avis)","Semic","Policier/Thriller","Nelson (Arvid)","Johnson (Eric)"
"Rip Kirby","4 (1 avis)","Hachette/Glénat","Policier/Thriller","Raymond (Alex)","Raymond (Alex)"
"Ripple","3.43 (7 avis)","Seuil","Roman Graphique","Cooper (Dave)","Cooper (Dave)"
"Rising Stars","3.2 (10 avis)","Semic","Fantastique","Straczynski (J. Michael)","Cha (Keu)/Zanier (Christian)/Lashley (Ken)"
"RoboCop","2.33 (3 avis)","Albin Michel","Science-Fiction","Grant (Steven)","Ryp (Juan José)"
"Rock et moi (le)","3.5 (2 avis)","Rackham","Humour","Sacco (Joe)","Sacco (Joe)"
"Rois vagabonds (les)","4.67 (3 avis)","Vertige Graphic","Roman Graphique","Vance (James)","Burr (Dan)"
"Rolf","4 (1 avis)","Les Humanoïdes Associés","Science-Fiction","Sea (Harvey)","Corben (Richard)"
"Ronin","3.5 (2 avis)","Semic","Science-Fiction","Miller (Frank)","Miller (Frank)"
"Runners","3.5 (2 avis)","Kymera","Science-Fiction","Wang (Sean)","Wang (Sean)"
"Ruptures","3 (1 avis)","Cà et Là","Roman Graphique","Watson (Andi)","Watson (Andi)"
"Ruse","3 (1 avis)","Semic","Fantastique","Waid (Mark)","Guice (Butch)"
"Saga d'Iron-Jaw (la)","2 (1 avis)","LUG","Fantasy","Fleischer (Michael)","Sekowsky/Marcos"
"Sam and Twitch","3.63 (8 avis)","Semic","Policier/Thriller","Bendis (Brian Michael)/Mc Farlane (Todd)","Collectif (un auteur par album)"
"Same Difference","3.5 (4 avis)","6 Pieds Sous Terre","Roman Graphique","Kim (Derek Kirk)","Kim (Derek Kirk)"
"Sandman","3.85 (13 avis)","Delcourt","Fantastique","Gaiman (Neil)","Collectif"
"Sandman - Les Chasseurs de Rêves","4.14 (7 avis)","Norma","Fantastique","Gaiman (Neil)","Amano (Yoshitaka)"
"Sandman - Nuits Éternelles","3.88 (8 avis)","Delcourt","Fantastique","Gaiman (Neil)","Collectif"
"Sans issue","2 (1 avis)","Cornélius","Inclassable","Crumb (Robert)","Crumb (Robert)"
"Santa Claus","3 (2 avis)","Delcourt","Fantasy","Ploog (Michael G.)","Ploog (Michael G.)"
"Sarcophage","2.5 (2 avis)","Semic","Science-Fiction","Hester (Phil)","Huddleston (Mike)"
"Sebastian X","2.5 (2 avis)","Les Humanoïdes Associés","Policier/Thriller","La Neve (Michelangelo)","Immonen (Stuart)"
"Sentiers de la Perdition (les)","3 (7 avis)","Delcourt","Policier/Thriller","Collins (Max Allan)","Rayner (Richard Piers)"
"Seules contre tous","3.5 (2 avis)","Seuil","Roman Graphique","Katin (Miriam)","Katin (Miriam)"
"Sgt. Rock","4 (1 avis)","Soleil","Aventure","Kanigher (Robert)","Kubert (Joe)"
"Shang-Chi, Maître du Kung-Fu","3 (1 avis)","Panini Comics","Aventure","Moench (Doug)","Gulacy (Paul)"
"Shrek","1 (1 avis)","Panini Comics/Generation Comics","Aventure","Evanier (Mark)","Bachs (Ramon)"
"Simpson (les)","3 (1 avis)","Dino","Humour","Collectif (un auteur par album)","Collectif (un auteur par album)"
"Sin City","3.96 (24 avis)","Rackham","Policier/Thriller","Miller (Frank)","Miller (Frank)"
"Sinkha","2.75 (4 avis)","Comics USA","Science-Fiction","Patrito (Marco)","Patrito (Marco)"
"Sketchbook reports","2 (1 avis)","Cornélius","Documentaire","Crumb (Robert)","Crumb (Robert)"
"Sláine","4 (4 avis)","Zenda/Soleil","Fantasy","Mills (Pat)","Bisley (Simon)/Autres"
"Slow News Day","3.25 (4 avis)","Cà et Là","Roman Graphique","Watson (Andi)","Watson (Andi)"
"Small Gods","3 (2 avis)","Delcourt","Policier/Thriller","Rand (Jason)","Ferreyra (Juan E.)"
"Smoke","4 (1 avis)","Delcourt","Science-Fiction","De Campi (Alex)","Kordey (Igor)"
"Snoopy","2.94 (16 avis)","Dargaud","Humour","Schulz (Charles M.)","Schulz (Charles M.)"
"Sock monkey","4 (1 avis)","Rackham","Inclassable","Millionaire (Tony)","Millionaire (Tony)"
"Sojourn","3 (3 avis)","Semic","Fantasy","Marz (Ron)","Land (Greg)"
"Soldat Inconnu (le)","3 (2 avis)","Le Téméraire","Policier/Thriller","Ennis (Garth)","Plunkett (Killian)"
"Solo","3 (3 avis)","TOTH","Inclassable","Corben (Richard)","Corben (Richard)"
"Spawn","4 (6 avis)","Delcourt","Fantastique","Mc Farlane (Todd)","Mc Farlane (Todd)"
"Spectre (le)","4 (1 avis)","Aredit","Fantastique","Siegel (Jerry)","Baily (Bernard)"
"Spider-Man : Bleu","4 (1 avis)","Panini Comics/Marvel","Fantastique","Loeb (Jeph)","Sale (Tim)"
"Spider-Man : Le dernier combat","4 (2 avis)","Panini Comics","Science-Fiction","Millar (Mark)","Dodson (Terry)/Cho (Frank)"
"Spider-Man : Perceptions","3 (2 avis)","Bethy","Fantastique","Mc Farlane (Todd)","Mc Farlane (Todd)"
"Spider-Man (Marvel Premium)","4 (1 avis)","Panini Comics","Fantastique","Straczynski (J. Michael)","Romita (John, Jr.)"
"Spider-Man (Ultimate)","3.5 (2 avis)","Panini Comics/Marvel","Fantastique","Bendis (Brian Michael)","Bagley (Mark)"
"Spider-Man Wolverine","2 (4 avis)","Panini Comics/Marvel","Fantastique","Matthews (Brett)","Mavlian (Vatche)"
"Spider-Man, L'intégrale","3.8 (5 avis)","Panini Comics/Marvel","Fantastique","Lee (Stan)","Ditko (Steve)/Romita (John Sr)/Buscema (John)"
"Spirit (le)","4 (1 avis)","Soleil","Policier/Thriller","Eisner (Will)","Eisner (Will)"
"Spooky","2.5 (2 avis)","Futuropolis","Humour","Holman (Bill)","Holman (Bill)"
"Star Wars","2 (1 avis)","Delcourt","Science-Fiction","Collectif (un auteur par album)","Collectif (un auteur par album)"
"Star Wars - Boba Fett","3 (1 avis)","Dark Horse France","Science-Fiction","Wagner (John)","Kennedy (Cam)"
"Star Wars - Chevaliers de l'Ancienne République","4 (2 avis)","Delcourt","Science-Fiction","Miller (John Jackson)","Ching (Brian)/Foreman (Travel)"
"Star Wars - Clone Wars","4.17 (6 avis)","Delcourt","Science-Fiction","Ostrander (John)/Blackman","Collectif (un auteur par album)"
"Star Wars - Clone Wars Episodes","3 (2 avis)","Delcourt","Science-Fiction","Collectif (un auteur par album)","Collectif (un auteur par album)"
"Star Wars - Jedi","3.67 (3 avis)","Delcourt","Science-Fiction","Ostrander (John)","Duursema (Jan)"
"Star Wars - L'Empire des Tenèbres","2 (3 avis)","Delcourt","Science-Fiction","Veitch (Tom)","Kennedy (Cam)"
"Star Wars - L'Empire Ecarlate","3 (2 avis)","Delcourt","Science-Fiction","Richardson (Mike)/ Stradley (Randy)","Gulacy (Paul)"
"Star Wars - Le Côté Obscur","2 (4 avis)","Delcourt","Science-Fiction","Marz/Macan","Fawler/Duursema/Gibbons"
"Star Wars - Les Ombres de l’Empire","4 (1 avis)","Delcourt","Science-Fiction","Wagner (John)","Plunkett (Killian)/Nadeau (John)"
"Star Wars - Nouvelle république","3 (1 avis)","Delcourt","Science-Fiction","Collectif (un auteur par album)","Collectif (un auteur par album)"
"Star Wars - X-Wing","3 (1 avis)","Delcourt","Science-Fiction","Collectif (un auteur par album)","Collectif (un auteur par album)"
"Steve Canyon","4 (1 avis)","Glénat/Gilou","Aventure","Caniff (Milton)","Caniff (Milton)"
"Strange Girl","2.5 (2 avis)","Bamboo","Fantastique","Remender (Rick)","Nguyen (Eric)"
"Strangers in Paradise","3.57 (7 avis)","Bulle Dog","Roman Graphique","Moore (Terry)","Moore (Terry)"
"Stray toasters","2 (1 avis)","Delcourt","Inclassable","Sienkiewicz (Bill)","Sienkiewicz (Bill)"
"Strip-Tease","3 (1 avis)","Seuil","Humour","Matt (Joe)","Matt (Joe)"
"Stripbook","1.5 (2 avis)","Mille Îles","Humour","Braün (Eric)","Braün (Eric)"
"Subatomic","2 (2 avis)","Akileos","Policier/Thriller","Neighly (Patrick)","Heufemann (Jorge)"
"Sugar Buzz","2 (1 avis)","La comédie illustrée","Humour","Carney (Ian)","Phoenix (Woodrow)"
"Supergirl","3 (1 avis)","Panini Comics","Science-Fiction","Loeb (Jeph)","Churchill (Ian)"
"Superman - Bon anniversaire Superman","4 (1 avis)","Comics USA","Science-Fiction","Moore (Alan)","Gibbons (Dave)"
"Superman - Fin de siècle","2.33 (3 avis)","Semic","Fantastique","Immonen (Stuart)","Immonen (Stuart)"
"Superman - For All Seasons","3 (2 avis)","Semic","Fantastique","Loeb (Jeph)","Sale (Tim)"
"Superman - Identité secrète","3.75 (4 avis)","Semic/Panini Comics","Fantastique","Busiek (Kurt)","Immonen (Stuart)"
"Superman - Jour de deuil","3 (1 avis)","Semic","Policier/Thriller","Jurgens (Dan)","Jurgens (Dan)"
"Superman - L'Homme d'Acier","3 (1 avis)","Panini Comics","Science-Fiction","Byrne (John)","Byrne (John)"
"Superman - La Mort de Superman","3.5 (2 avis)","Semic","Science-Fiction","Collectif","Collectif"
"Superman - Lex Luthor","3 (2 avis)","Panini Comics","Science-Fiction","Azzarello (Brian)","Bermejo (Lee)"
"Superman - Red Son","3 (3 avis)","Panini Comics","Science-Fiction","Millar (Mark)","Plunkett (Killian)"
"Superman (archives)","4 (1 avis)","Semic","Fantastique","Siegel (Jerry)","Shuster (Joe)"
"Superman / Batman","3 (3 avis)","Semic","Fantastique","Loeb (Jeph)","McGuiness (Ed)"
"Superman / Batman / Wonder Woman...","3.4 (5 avis)","Soleil","Fantastique","Dini (Paul)","Ross (Alex)"
"Suprême","3.67 (3 avis)","Delcourt","Fantastique","Moore (Alan)","Bennett (Joe)/Veitch (Rick)"
"Supreme Power","3 (2 avis)","Panini Comics/Marvel","Science-Fiction","Straczynski (J. Michael)","Frank (Gary)"
"Sur la terre comme au ciel","1 (1 avis)","Soleil","Fantastique","Tomasi","Snejbjer (Peter)"
"Surfer d'Argent (Moebius) (le)","3.5 (6 avis)","Soleil","Science-Fiction","Lee (Stan)","Moebius"
"Surfer d'Argent, l'Intégrale (le)","1.33 (3 avis)","Soleil","Science-Fiction","Lee (Stan)","Buscema (John)"
"Swamp Thing","3.14 (7 avis)","Delcourt","Fantastique","Wein (Len)/Moore (Alan)","Collectif (un auteur par album)"
"Système (le)","2 (1 avis)","Editions de l'An 2","Inclassable","Kuper (Peter)","Kuper (Peter)"
"Tales from the crypt","3 (1 avis)","Albin Michel","Fantastique","Davis (Jack)","Davis (Jack)"
"Tank Girl","2 (6 avis)","Vents d'Ouest","Humour","Martin (Alan)","Hewlett (Jamie)"
"Tarzan","1 (1 avis)","Soleil","Aventure","Kindzierski","Stan/Vince"
"Tarzan (anthologie)","3 (2 avis)","Azur/Soleil","Aventure","Rice Burroughs (Edgar)","Hogarth (Burne)"
"Tell me, Dark","2.67 (3 avis)","Emmanuel Proust Éditions","Roman Graphique","Williams/Wagner/Rieber","Williams (Kent)"
"Tellos","3.33 (3 avis)","Semic","Fantasy","Dezago (Todd)","Wieringo (Mike)"
"Temps Déchiré","2 (1 avis)","Comics USA","Science-Fiction","Jones (Bruce)","Corben (Richard)"
"Temps des Lumières (le)","2.33 (3 avis)","Erko","Science-Fiction","Harrison","Rennie (Gordon)"
"Terrain vague","2.33 (3 avis)","Cornélius","Humour","Kaz","Kaz"
"Terreurs Noires","3 (1 avis)","Soleil","Fantastique","Simonson (Walter)","Brereton (Daniel)"
"Terry et les pirates","4 (1 avis)","Slatkine/Futuropolis/Zenda","Aventure","Caniff (Milton)","Caniff (Milton)"
"Texarkana","2 (1 avis)","Akileos","Policier/Thriller","Neighly (Patrick)","Hadidiwidjaja (Donny)"
"The Authority","4 (2 avis)","Semic","Science-Fiction","Millar (Mark)","Quitely (Frank)"
"The Avengers (Les Vengeurs)","3 (1 avis)","Marvel-France/Maxi-Livres","Fantastique","Lee (Stan)","Kirby (Jack)"
"The Birthday Riots","2.67 (3 avis)","La Boîte à Bulles","Roman Graphique","Kanan (Nabiel)","Kanan (Nabiel)"
"The Boondocks","3.4 (5 avis)","Dargaud","Humour","Mc Gruder (Aaron)","Mc Gruder (Aaron)"
"The Creech","2.75 (4 avis)","Semic","Fantastique","Capullo (Greg)","Capullo (Greg)"
"The Crow","3 (2 avis)","Disjoncteur","Fantastique","O'Barr (James)","O'Barr (James)"
"The Darkness","3.5 (2 avis)","Editions USA","Fantastique","Ennis (Garth)","Silvestri (Marc)"
"The Filth","3 (1 avis)","Panini Comics","Science-Fiction","Morrisson (Grant)","Weston (Chris)"
"The Fountain","3.6 (5 avis)","Emmanuel Proust Éditions","Fantastique","Aronofsky (Darren)","Williams (Kent)"
"The Goon","3.7 (10 avis)","Delcourt","Fantastique","Powell (Eric)","Powell (Eric)"
"The Magdalena","2 (1 avis)","Editions USA","Fantastique","Chen (Marcia)","Benitez (Joe)"
"The Magic of Aria","2.8 (5 avis)","Semic","Fantastique","Holguin (Brian)","Anacleto (Jay)"
"The New Avengers","3 (1 avis)","Panini Comics","Science-Fiction","Bendis (Brian Michael)","Finch (David)"
"The Punisher","3 (4 avis)","Panini Comics/Marvel","Aventure","Ennis (Garth)","Collectif (un auteur par album)"
"The Quitter","4 (1 avis)","Panini Comics","Roman Graphique","Pekar (Harvey)","Haspiel (Dean)"
"The Red Star","3.8 (5 avis)","Semic","Science-Fiction","Gosset (Christian)","Gosset (Christian)"
"The Summer of Love","2 (1 avis)","L'Association","Roman Graphique","Drechsler (Debbie)","Drechsler (Debbie)"
"Thor - Vikings","2 (1 avis)","Panini Comics/Marvel","Fantastique","Ennis (Garth)","Fabry (Glenn)"
"Thunderdogs","4 (1 avis)","Artefact","Inclassable","Emerson (Hunt)","Emerson (Hunt)"
"Tom Strong","3.29 (7 avis)","Semic","Science-Fiction","Moore (Alan)","Sprouse (Chris)"
"Tomb Raider (édition USA)","2 (5 avis)","Editions USA","Aventure","Jurgens (Dan)","Park/Lopez/Basaldura"
"Tombeau (le)","2.5 (2 avis)","Akileos","Fantastique","Weir (Christina)/DeFilippis (Nunzio)","Mitten (Christopher)"
"Top 10","3.9 (10 avis)","Semic","Science-Fiction","Moore (Alan)","Ha (Gene)"
"Top 10 - The Forty-Niners","4 (1 avis)","Panini Comics","Science-Fiction","Moore (Alan)","Ha (Gene)"
"Torso","2.71 (7 avis)","Semic","Policier/Thriller","Andreyko (Marc)/Bendis (Brian Michael)","Bendis (Brian Michael)"
"Tortues Ninja (les)","3 (1 avis)","Comics USA","Science-Fiction","Eastman (Kevin)/Laird (Peter)","Eastman (Kevin)/Laird (Peter)"
"Transformers","2 (1 avis)","Semic","Science-Fiction","Sarracini (Chris)","Lee (Pat)"
"Transmetropolitan","2.5 (2 avis)","Le Téméraire","Science-Fiction","Ellis (Warren)","Robertson (Darick)"
"Tribu Terrible (la)","3.33 (6 avis)","Dargaud","Humour","Bess (Gordon)","Bess (Gordon)"
"Trinité","4 (1 avis)","Panini Comics","Science-Fiction","Wagner (Matt)","Wagner (Matt)"
"Tu m'aimeras encore si je fais pipi au lit ?","2.5 (2 avis)","Cà et Là","Roman Graphique","Prince (Liz)","Prince (Liz)"
"Tue-moi à en crever","3 (4 avis)","Delcourt","Policier/Thriller","Lapham (David)","Lapham (David)"
"Ultimates","4 (4 avis)","Panini Comics/Marvel","Science-Fiction","Millar (Mark)","Hitch (Bryan)"
"Ultra","3.75 (4 avis)","Delcourt","Fantastique","Luna (Joshua)","Luna (Jonathan)"
"Un Américain en Balade","3.18 (11 avis)","Casterman","Roman Graphique","Thompson (Craig)","Thompson (Craig)"
"Un goût de cendres","3 (2 avis)","La comédie illustrée","Policier/Thriller","Christensen (Dan)","Christensen (Dan)"
"Un Monde de différence","3.75 (4 avis)","Vertige Graphic","Roman Graphique","Cruse (Howard)","Cruse (Howard)"
"Un Pacte avec Dieu","3.4 (5 avis)","Delcourt","Roman Graphique","Eisner (Will)","Eisner (Will)"
"Uncle Sam","2.75 (8 avis)","Semic","Inclassable","Darnall (Steve)","Ross (Alex)"
"Une Affaire de famille","3 (1 avis)","Editions USA","Roman Graphique","Eisner (Will)","Eisner (Will)"
"Une Petite mort","3.67 (3 avis)","Seuil","Roman Graphique","Moore (Alan)","Zarate (Oscar)"
"Une tragédie américaine","4 (2 avis)","Denoël Graphic","Roman Graphique","Deitch (Kim)","Deitch (Kim)"
"Une vie de chien","3 (1 avis)","Hors collection (Presses de la cité)","Humour","O'Hare (Mark)","O'Hare (Mark)"
"Univers des Super-Héros DC par Alan Moore (l')","3 (1 avis)","Panini Comics","Science-Fiction","Moore (Alan)","Collectif (un auteur par album)"
"Usagi Yojimbo","3.8 (5 avis)","Paquet","Aventure","Sakai (Stan)","Sakai (Stan)"
"V pour Vendetta","3.95 (39 avis)","Delcourt","Policier/Thriller","Moore (Alan)","Lloyd (David)"
"Valse des Alliances (la)","3 (4 avis)","Delcourt","Roman Graphique","Eisner (Will)","Eisner (Will)"
"Vampirella","3 (1 avis)","Ed. du Triton/Soleil","Fantastique","Englehart/Brennan/Buzz","Gonzalès/Sniegoski"
"Veuve noire","1 (1 avis)","Panini Comics/Marvel","Policier/Thriller","Rucka (Greg)","Kordey (Igor)"
"Vie est belle malgré tout (la)","3.5 (8 avis)","Les Humanoïdes Associés","Roman Graphique","Seth","Seth"
"Violent Cases","3 (3 avis)","Au Diable Vauvert","Roman Graphique","Gaiman (Neil)","McKean (Dave)"
"Voie du samouraï (la)","3 (2 avis)","Semic","Médiéval Fantastique","Marz (Ron)","Sears (Bart)"
"Walking Dead","3.6 (5 avis)","Delcourt/Semic","Fantastique","Kirkman (Robert)","Moore (Terry)"
"Watchmen","4.45 (42 avis)","Delcourt","Science-Fiction","Moore (Alan)","Gibbons (Dave)"
"WE3","4 (1 avis)","Panini Comics","Science-Fiction","Morrisson (Grant)","Quitely (Frank)"
"Whiteout","3.33 (6 avis)","Akileos","Policier/Thriller","Rucka (Greg)","Lieber (Steve)"
"Wildguard - Téléréalité","2 (1 avis)","Bamboo","Science-Fiction","Nauck (Todd)","Nauck (Todd)"
"Wimbledon Green","3.5 (8 avis)","Seuil","Roman Graphique","Seth","Seth"
"Witchblade","2.4 (10 avis)","Editions USA","Fantastique","Wohl/Haberlin","Turner/Green"
"Wolverine - Aux Coeurs des Ténèbres","2 (1 avis)","Bethy","Fantastique","Mackie (Howard)","Romita (John, Jr.)"
"Wolverine - Je suis Wolverine","3.5 (2 avis)","Bethy","Fantastique","Claremont (Chris)","Miller (Frank)"
"Wolverine - Jungle Saga","3 (3 avis)","Bethy","Fantastique","Simonson (Walter)","Mignola (Mike)"
"Wolverine - l'Arme X","3.67 (3 avis)","Bethy","Science-Fiction","Windsor-Smith (Barry)","Windsor-Smith (Barry)"
"Wolverine - La mort aux trousses","3 (2 avis)","Panini Comics/Marvel","Fantastique","Ellis (Warren)","Yu (Leinil Francis)"
"Wolverine - les origines","3 (3 avis)","Panini Comics/Marvel","Fantastique","Jenkins (Paul)/Quesada (Joe)","Kubert (Andy)"
"Wolverine - Possession","2.5 (2 avis)","Bethy","Fantastique","Neary (Paul)","Davis (Alan)"
"Wolverine - Saudade","2.67 (3 avis)","Panini Comics","Science-Fiction","Morvan (Jean David)","Buchet (Philippe)"
"Wolverine - Snikt !","2 (3 avis)","Panini Comics/Marvel","Science-Fiction","Nihei (Tsutomu)","Nihei (Tsutomu)"
"Wolverine Hulk","3.5 (2 avis)","Panini Comics/Marvel","Fantastique","Kieth (Sam)","Kieth (Sam)"
"Wolverine Netsuke","3 (2 avis)","Panini Comics/Marvel","Fantastique","Pratt (George)","Pratt (George)"
"Wonder Woman - Hiketeia","2.75 (4 avis)","Semic","Fantastique","Rucka (Greg)","Jones (JG)"
"X-Men - Les enfants de l'atome","2.67 (3 avis)","Panini Comics/Marvel","Fantastique","Casey (Joe)","Rude (Steve)/Smith (Paul)/Ryan (Matt)/Ribic (Essad"
"X-Men - Les leçons de la vie","2 (1 avis)","Panini Comics/Marvel","Fantastique","Kelly (Joe)/Casey (Joe)","Pacheco (Carlos)/Johnson (Jeff)"
"X-Men - Opération : Tolérance Zéro","3 (1 avis)","Panini Comics/Marvel","Fantastique","Lobdell (Scott)/Seagle (Steven T.)","Pacheco (Carlos)/Ferry (Pascual)/Larroca (Salvador"
"Y, Le Dernier Homme","3.67 (6 avis)","Semic/Panini Comics","Fantastique","Vaughan (Brian K.)","Guerra (Pia)"
"Yeux à vif (les)","3.5 (6 avis)","Delcourt","Roman Graphique","Tomine (Adrian)","Tomine (Adrian)"
"Yum Yum Book","2 (1 avis)","Denoël Graphic","Conte","Crumb (Robert)","Crumb (Robert)"
"Zits","2.5 (4 avis)","Rackham","Humour","Scott (Jerry)","Borgman (Jim)"
"Zombies","2 (2 avis)","Albin Michel","Fantastique","Mignola (Mike)","Mc Eown (Pat)"
"Zombies qui ont mangé le monde (les)","3.25 (8 avis)","Les Humanoïdes Associés","Humour","Frissen (Jerry)","Davis (Guy)"
"Zone d'ombre","2.5 (2 avis)","Delcourt","Fantastique","Brunswick (Glen)","Romita (John, Jr.)"
"Zorro","3 (1 avis)","Hemma/MCL/Hachette/Futuropolis","Western","Collectif (un auteur par album)","Collectif (un auteur par album)"
